"ts_num","count","ts_date"
1559603400,1,2019-06-04 01:10:00
1559606400,4,2019-06-04 02:00:00
1559606700,1,2019-06-04 02:05:00
1559607000,2,2019-06-04 02:10:00
1559607300,2,2019-06-04 02:15:00
1559607600,1,2019-06-04 02:20:00
1559607900,2,2019-06-04 02:25:00
1559608200,3,2019-06-04 02:30:00
1559608500,4,2019-06-04 02:35:00
1559608800,3,2019-06-04 02:40:00
1559609100,8,2019-06-04 02:45:00
1559609400,6,2019-06-04 02:50:00
1559609700,3,2019-06-04 02:55:00
1559610000,4,2019-06-04 03:00:00
1559610300,6,2019-06-04 03:05:00
1559610600,7,2019-06-04 03:10:00
1559610900,5,2019-06-04 03:15:00
1559611200,7,2019-06-04 03:20:00
1559611500,6,2019-06-04 03:25:00
1559611800,4,2019-06-04 03:30:00
1559612100,8,2019-06-04 03:35:00
1559612400,4,2019-06-04 03:40:00
1559612700,4,2019-06-04 03:45:00
1559613000,4,2019-06-04 03:50:00
1559613300,6,2019-06-04 03:55:00
1559613600,3,2019-06-04 04:00:00
1559613900,2,2019-06-04 04:05:00
1559614200,1,2019-06-04 04:10:00
1559614500,2,2019-06-04 04:15:00
1559614800,8,2019-06-04 04:20:00
1559615100,4,2019-06-04 04:25:00
1559615400,3,2019-06-04 04:30:00
1559615700,2,2019-06-04 04:35:00
1559616000,1,2019-06-04 04:40:00
1559616300,1,2019-06-04 04:45:00
1559616600,1,2019-06-04 04:50:00
1559616900,2,2019-06-04 04:55:00
1559617200,1,2019-06-04 05:00:00
1559617500,2,2019-06-04 05:05:00
1559617800,3,2019-06-04 05:10:00
1559618100,1,2019-06-04 05:15:00
1559618400,6,2019-06-04 05:20:00
1559618700,2,2019-06-04 05:25:00
1559619300,6,2019-06-04 05:35:00
1559619900,3,2019-06-04 05:45:00
1559620200,3,2019-06-04 05:50:00
1559620500,5,2019-06-04 05:55:00
1559620800,7,2019-06-04 06:00:00
1559621100,15,2019-06-04 06:05:00
1559621400,6,2019-06-04 06:10:00
1559621700,10,2019-06-04 06:15:00
1559622000,10,2019-06-04 06:20:00
1559622300,10,2019-06-04 06:25:00
1559622600,11,2019-06-04 06:30:00
1559622900,11,2019-06-04 06:35:00
1559623200,14,2019-06-04 06:40:00
1559623500,8,2019-06-04 06:45:00
1559623800,6,2019-06-04 06:50:00
1559624100,7,2019-06-04 06:55:00
1559624400,29,2019-06-04 07:00:00
1559624700,33,2019-06-04 07:05:00
1559625000,33,2019-06-04 07:10:00
1559625300,44,2019-06-04 07:15:00
1559625600,37,2019-06-04 07:20:00
1559625900,32,2019-06-04 07:25:00
1559626200,45,2019-06-04 07:30:00
1559626500,55,2019-06-04 07:35:00
1559626800,45,2019-06-04 07:40:00
1559627100,32,2019-06-04 07:45:00
1559627400,45,2019-06-04 07:50:00
1559627700,34,2019-06-04 07:55:00
1559628000,104,2019-06-04 08:00:00
1559628300,86,2019-06-04 08:05:00
1559628600,93,2019-06-04 08:10:00
1559628900,94,2019-06-04 08:15:00
1559629200,76,2019-06-04 08:20:00
1559629500,82,2019-06-04 08:25:00
1559629800,90,2019-06-04 08:30:00
1559630100,89,2019-06-04 08:35:00
1559630400,84,2019-06-04 08:40:00
1559630700,92,2019-06-04 08:45:00
1559631000,74,2019-06-04 08:50:00
1559631300,77,2019-06-04 08:55:00
1559631600,78,2019-06-04 09:00:00
1559631900,69,2019-06-04 09:05:00
1559632200,58,2019-06-04 09:10:00
1559632500,67,2019-06-04 09:15:00
1559632800,59,2019-06-04 09:20:00
1559633100,71,2019-06-04 09:25:00
1559633400,70,2019-06-04 09:30:00
1559633700,65,2019-06-04 09:35:00
1559634000,75,2019-06-04 09:40:00
1559634300,65,2019-06-04 09:45:00
1559634600,74,2019-06-04 09:50:00
1559634900,73,2019-06-04 09:55:00
1559635200,31,2019-06-04 10:00:00
1559635500,34,2019-06-04 10:05:00
1559635800,43,2019-06-04 10:10:00
1559636100,38,2019-06-04 10:15:00
1559636400,30,2019-06-04 10:20:00
1559636700,43,2019-06-04 10:25:00
1559637000,43,2019-06-04 10:30:00
1559637300,41,2019-06-04 10:35:00
1559637600,40,2019-06-04 10:40:00
1559637900,29,2019-06-04 10:45:00
1559638200,37,2019-06-04 10:50:00
1559638500,33,2019-06-04 10:55:00
1559638800,37,2019-06-04 11:00:00
1559639100,31,2019-06-04 11:05:00
1559639400,41,2019-06-04 11:10:00
1559639700,36,2019-06-04 11:15:00
1559640000,31,2019-06-04 11:20:00
1559640300,33,2019-06-04 11:25:00
1559640600,30,2019-06-04 11:30:00
1559640900,35,2019-06-04 11:35:00
1559641200,30,2019-06-04 11:40:00
1559641500,34,2019-06-04 11:45:00
1559641800,27,2019-06-04 11:50:00
1559642100,38,2019-06-04 11:55:00
1559642400,45,2019-06-04 12:00:00
1559642700,28,2019-06-04 12:05:00
1559643000,37,2019-06-04 12:10:00
1559643300,33,2019-06-04 12:15:00
1559643600,32,2019-06-04 12:20:00
1559643900,23,2019-06-04 12:25:00
1559644200,33,2019-06-04 12:30:00
1559644500,27,2019-06-04 12:35:00
1559644800,34,2019-06-04 12:40:00
1559645100,33,2019-06-04 12:45:00
1559645400,27,2019-06-04 12:50:00
1559645700,39,2019-06-04 12:55:00
1559646000,43,2019-06-04 13:00:00
1559646300,39,2019-06-04 13:05:00
1559646600,44,2019-06-04 13:10:00
1559646900,49,2019-06-04 13:15:00
1559647200,29,2019-06-04 13:20:00
1559647500,54,2019-06-04 13:25:00
1559647800,55,2019-06-04 13:30:00
1559648100,45,2019-06-04 13:35:00
1559648400,39,2019-06-04 13:40:00
1559648700,37,2019-06-04 13:45:00
1559649000,40,2019-06-04 13:50:00
1559649300,50,2019-06-04 13:55:00
1559649600,65,2019-06-04 14:00:00
1559649900,60,2019-06-04 14:05:00
1559650200,54,2019-06-04 14:10:00
1559650500,70,2019-06-04 14:15:00
1559650800,63,2019-06-04 14:20:00
1559651100,66,2019-06-04 14:25:00
1559651400,67,2019-06-04 14:30:00
1559651700,73,2019-06-04 14:35:00
1559652000,63,2019-06-04 14:40:00
1559652300,63,2019-06-04 14:45:00
1559652600,56,2019-06-04 14:50:00
1559652900,66,2019-06-04 14:55:00
1559653200,78,2019-06-04 15:00:00
1559653500,73,2019-06-04 15:05:00
1559653800,58,2019-06-04 15:10:00
1559654100,59,2019-06-04 15:15:00
1559654400,48,2019-06-04 15:20:00
1559654700,63,2019-06-04 15:25:00
1559655000,72,2019-06-04 15:30:00
1559655300,53,2019-06-04 15:35:00
1559655600,62,2019-06-04 15:40:00
1559655900,52,2019-06-04 15:45:00
1559656200,60,2019-06-04 15:50:00
1559656500,56,2019-06-04 15:55:00
1559656800,46,2019-06-04 16:00:00
1559657100,43,2019-06-04 16:05:00
1559657400,49,2019-06-04 16:10:00
1559657700,55,2019-06-04 16:15:00
1559658000,65,2019-06-04 16:20:00
1559658300,58,2019-06-04 16:25:00
1559658600,46,2019-06-04 16:30:00
1559658900,53,2019-06-04 16:35:00
1559659200,66,2019-06-04 16:40:00
1559659500,47,2019-06-04 16:45:00
1559659800,53,2019-06-04 16:50:00
1559660100,45,2019-06-04 16:55:00
1559660400,42,2019-06-04 17:00:00
1559660700,50,2019-06-04 17:05:00
1559661000,48,2019-06-04 17:10:00
1559661300,54,2019-06-04 17:15:00
1559661600,47,2019-06-04 17:20:00
1559661900,53,2019-06-04 17:25:00
1559662200,39,2019-06-04 17:30:00
1559662500,57,2019-06-04 17:35:00
1559662800,54,2019-06-04 17:40:00
1559663100,42,2019-06-04 17:45:00
1559663400,46,2019-06-04 17:50:00
1559663700,40,2019-06-04 17:55:00
1559664300,1,2019-06-04 18:05:00
1559664900,2,2019-06-04 18:15:00
1559665200,1,2019-06-04 18:20:00
1559665800,2,2019-06-04 18:30:00
1559666400,1,2019-06-04 18:40:00
1559666700,1,2019-06-04 18:45:00
1559667000,2,2019-06-04 18:50:00
1559667300,1,2019-06-04 18:55:00
1559667600,23,2019-06-04 19:00:00
1559667900,39,2019-06-04 19:05:00
1559668200,17,2019-06-04 19:10:00
1559668500,27,2019-06-04 19:15:00
1559668800,27,2019-06-04 19:20:00
1559669100,28,2019-06-04 19:25:00
1559669400,35,2019-06-04 19:30:00
1559669700,33,2019-06-04 19:35:00
1559670000,27,2019-06-04 19:40:00
1559670300,24,2019-06-04 19:45:00
1559670600,25,2019-06-04 19:50:00
1559670900,35,2019-06-04 19:55:00
1559671200,84,2019-06-04 20:00:00
1559671500,69,2019-06-04 20:05:00
1559671800,71,2019-06-04 20:10:00
1559672100,87,2019-06-04 20:15:00
1559672400,76,2019-06-04 20:20:00
1559672700,70,2019-06-04 20:25:00
1559673000,81,2019-06-04 20:30:00
1559673300,71,2019-06-04 20:35:00
1559673600,87,2019-06-04 20:40:00
1559673900,64,2019-06-04 20:45:00
1559674200,78,2019-06-04 20:50:00
1559674500,75,2019-06-04 20:55:00
1559674800,53,2019-06-04 21:00:00
1559675100,50,2019-06-04 21:05:00
1559675400,48,2019-06-04 21:10:00
1559675700,53,2019-06-04 21:15:00
1559676000,47,2019-06-04 21:20:00
1559676300,59,2019-06-04 21:25:00
1559676600,49,2019-06-04 21:30:00
1559676900,64,2019-06-04 21:35:00
1559677200,54,2019-06-04 21:40:00
1559677500,55,2019-06-04 21:45:00
1559677800,58,2019-06-04 21:50:00
1559678100,63,2019-06-04 21:55:00
1559678400,31,2019-06-04 22:00:00
1559678700,30,2019-06-04 22:05:00
1559679000,29,2019-06-04 22:10:00
1559679300,40,2019-06-04 22:15:00
1559679600,40,2019-06-04 22:20:00
1559679900,32,2019-06-04 22:25:00
1559680200,48,2019-06-04 22:30:00
1559680500,29,2019-06-04 22:35:00
1559680800,28,2019-06-04 22:40:00
1559681100,36,2019-06-04 22:45:00
1559681400,49,2019-06-04 22:50:00
1559681700,43,2019-06-04 22:55:00
1559682000,33,2019-06-04 23:00:00
1559682300,27,2019-06-04 23:05:00
1559682600,27,2019-06-04 23:10:00
1559682900,31,2019-06-04 23:15:00
1559683200,27,2019-06-04 23:20:00
1559683500,34,2019-06-04 23:25:00
1559683800,25,2019-06-04 23:30:00
1559684100,30,2019-06-04 23:35:00
1559684400,29,2019-06-04 23:40:00
1559684700,34,2019-06-04 23:45:00
1559685000,23,2019-06-04 23:50:00
1559685300,40,2019-06-04 23:55:00
1559685600,29,2019-06-05 00:00:00
1559685900,18,2019-06-05 00:05:00
1559686200,34,2019-06-05 00:10:00
1559686500,27,2019-06-05 00:15:00
1559686800,20,2019-06-05 00:20:00
1559687100,25,2019-06-05 00:25:00
1559687400,26,2019-06-05 00:30:00
1559687700,31,2019-06-05 00:35:00
1559688000,35,2019-06-05 00:40:00
1559688300,18,2019-06-05 00:45:00
1559688600,27,2019-06-05 00:50:00
1559688900,27,2019-06-05 00:55:00
1559689200,12,2019-06-05 01:00:00
1559689500,18,2019-06-05 01:05:00
1559689800,22,2019-06-05 01:10:00
1559690100,15,2019-06-05 01:15:00
1559690400,9,2019-06-05 01:20:00
1559690700,12,2019-06-05 01:25:00
1559691000,14,2019-06-05 01:30:00
1559691300,16,2019-06-05 01:35:00
1559691600,15,2019-06-05 01:40:00
1559691900,11,2019-06-05 01:45:00
1559692200,14,2019-06-05 01:50:00
1559692500,10,2019-06-05 01:55:00
1559692800,9,2019-06-05 02:00:00
1559693100,10,2019-06-05 02:05:00
1559693400,16,2019-06-05 02:10:00
1559693700,13,2019-06-05 02:15:00
1559694000,10,2019-06-05 02:20:00
1559694300,8,2019-06-05 02:25:00
1559694600,7,2019-06-05 02:30:00
1559694900,9,2019-06-05 02:35:00
1559695200,6,2019-06-05 02:40:00
1559695500,6,2019-06-05 02:45:00
1559695800,6,2019-06-05 02:50:00
1559696100,6,2019-06-05 02:55:00
1559696400,1,2019-06-05 03:00:00
1559696700,5,2019-06-05 03:05:00
1559697000,5,2019-06-05 03:10:00
1559697300,5,2019-06-05 03:15:00
1559697600,5,2019-06-05 03:20:00
1559697900,3,2019-06-05 03:25:00
1559698200,4,2019-06-05 03:30:00
1559698500,7,2019-06-05 03:35:00
1559698800,5,2019-06-05 03:40:00
1559699100,10,2019-06-05 03:45:00
1559699400,5,2019-06-05 03:50:00
1559699700,3,2019-06-05 03:55:00
1559700000,2,2019-06-05 04:00:00
1559700300,4,2019-06-05 04:05:00
1559700600,5,2019-06-05 04:10:00
1559700900,3,2019-06-05 04:15:00
1559701200,8,2019-06-05 04:20:00
1559701500,2,2019-06-05 04:25:00
1559701800,4,2019-06-05 04:30:00
1559702100,2,2019-06-05 04:35:00
1559702400,6,2019-06-05 04:40:00
1559702700,6,2019-06-05 04:45:00
1559703000,4,2019-06-05 04:50:00
1559703300,6,2019-06-05 04:55:00
1559703900,1,2019-06-05 05:05:00
1559704200,3,2019-06-05 05:10:00
1559704500,4,2019-06-05 05:15:00
1559704800,1,2019-06-05 05:20:00
1559705100,3,2019-06-05 05:25:00
1559705400,4,2019-06-05 05:30:00
1559705700,2,2019-06-05 05:35:00
1559706000,2,2019-06-05 05:40:00
1559706600,3,2019-06-05 05:50:00
1559706900,1,2019-06-05 05:55:00
1559707200,11,2019-06-05 06:00:00
1559707500,10,2019-06-05 06:05:00
1559707800,9,2019-06-05 06:10:00
1559708100,9,2019-06-05 06:15:00
1559708400,3,2019-06-05 06:20:00
1559708700,3,2019-06-05 06:25:00
1559709000,6,2019-06-05 06:30:00
1559709300,10,2019-06-05 06:35:00
1559709600,6,2019-06-05 06:40:00
1559709900,9,2019-06-05 06:45:00
1559710200,9,2019-06-05 06:50:00
1559710500,12,2019-06-05 06:55:00
1559710800,38,2019-06-05 07:00:00
1559711100,30,2019-06-05 07:05:00
1559711400,34,2019-06-05 07:10:00
1559711700,23,2019-06-05 07:15:00
1559712000,51,2019-06-05 07:20:00
1559712300,31,2019-06-05 07:25:00
1559712600,34,2019-06-05 07:30:00
1559712900,32,2019-06-05 07:35:00
1559713200,31,2019-06-05 07:40:00
1559713500,44,2019-06-05 07:45:00
1559713800,44,2019-06-05 07:50:00
1559714100,29,2019-06-05 07:55:00
1559714400,81,2019-06-05 08:00:00
1559714700,76,2019-06-05 08:05:00
1559715000,72,2019-06-05 08:10:00
1559715300,74,2019-06-05 08:15:00
1559715600,89,2019-06-05 08:20:00
1559715900,78,2019-06-05 08:25:00
1559716200,93,2019-06-05 08:30:00
1559716500,77,2019-06-05 08:35:00
1559716800,73,2019-06-05 08:40:00
1559717100,75,2019-06-05 08:45:00
1559717400,83,2019-06-05 08:50:00
1559717700,87,2019-06-05 08:55:00
1559718000,76,2019-06-05 09:00:00
1559718300,66,2019-06-05 09:05:00
1559718600,71,2019-06-05 09:10:00
1559718900,54,2019-06-05 09:15:00
1559719200,63,2019-06-05 09:20:00
1559719500,67,2019-06-05 09:25:00
1559719800,65,2019-06-05 09:30:00
1559720100,74,2019-06-05 09:35:00
1559720400,81,2019-06-05 09:40:00
1559720700,62,2019-06-05 09:45:00
1559721000,54,2019-06-05 09:50:00
1559721300,70,2019-06-05 09:55:00
1559721600,25,2019-06-05 10:00:00
1559721900,26,2019-06-05 10:05:00
1559722200,38,2019-06-05 10:10:00
1559722500,37,2019-06-05 10:15:00
1559722800,35,2019-06-05 10:20:00
1559723100,45,2019-06-05 10:25:00
1559723400,45,2019-06-05 10:30:00
1559723700,35,2019-06-05 10:35:00
1559724000,34,2019-06-05 10:40:00
1559724300,30,2019-06-05 10:45:00
1559724600,30,2019-06-05 10:50:00
1559724900,28,2019-06-05 10:55:00
1559725200,25,2019-06-05 11:00:00
1559725500,25,2019-06-05 11:05:00
1559725800,24,2019-06-05 11:10:00
1559726100,30,2019-06-05 11:15:00
1559726400,25,2019-06-05 11:20:00
1559726700,35,2019-06-05 11:25:00
1559727000,41,2019-06-05 11:30:00
1559727300,38,2019-06-05 11:35:00
1559727600,37,2019-06-05 11:40:00
1559727900,28,2019-06-05 11:45:00
1559728200,28,2019-06-05 11:50:00
1559728500,21,2019-06-05 11:55:00
1559728800,27,2019-06-05 12:00:00
1559729100,28,2019-06-05 12:05:00
1559729400,41,2019-06-05 12:10:00
1559729700,30,2019-06-05 12:15:00
1559730000,25,2019-06-05 12:20:00
1559730300,24,2019-06-05 12:25:00
1559730600,30,2019-06-05 12:30:00
1559730900,24,2019-06-05 12:35:00
1559731200,32,2019-06-05 12:40:00
1559731500,30,2019-06-05 12:45:00
1559731800,40,2019-06-05 12:50:00
1559732100,34,2019-06-05 12:55:00
1559732400,35,2019-06-05 13:00:00
1559732700,26,2019-06-05 13:05:00
1559733000,47,2019-06-05 13:10:00
1559733300,29,2019-06-05 13:15:00
1559733600,27,2019-06-05 13:20:00
1559733900,36,2019-06-05 13:25:00
1559734200,27,2019-06-05 13:30:00
1559734500,35,2019-06-05 13:35:00
1559734800,28,2019-06-05 13:40:00
1559735100,38,2019-06-05 13:45:00
1559735400,49,2019-06-05 13:50:00
1559735700,45,2019-06-05 13:55:00
1559736000,25,2019-06-05 14:00:00
1559736300,30,2019-06-05 14:05:00
1559736600,22,2019-06-05 14:10:00
1559736900,18,2019-06-05 14:15:00
1559737200,24,2019-06-05 14:20:00
1559737500,19,2019-06-05 14:25:00
1559737800,21,2019-06-05 14:30:00
1559738100,27,2019-06-05 14:35:00
1559738400,37,2019-06-05 14:40:00
1559738700,29,2019-06-05 14:45:00
1559739000,29,2019-06-05 14:50:00
1559739300,17,2019-06-05 14:55:00
1559740200,1,2019-06-05 15:10:00
1559741100,1,2019-06-05 15:25:00
1559743200,10,2019-06-05 16:00:00
1559743500,5,2019-06-05 16:05:00
1559743800,6,2019-06-05 16:10:00
1559744100,2,2019-06-05 16:15:00
1559744400,6,2019-06-05 16:20:00
1559744700,3,2019-06-05 16:25:00
1559745000,2,2019-06-05 16:30:00
1559745300,5,2019-06-05 16:35:00
1559745600,4,2019-06-05 16:40:00
1559745900,5,2019-06-05 16:45:00
1559746200,5,2019-06-05 16:50:00
1559746500,6,2019-06-05 16:55:00
1559746800,64,2019-06-05 17:00:00
1559747100,53,2019-06-05 17:05:00
1559747400,53,2019-06-05 17:10:00
1559747700,59,2019-06-05 17:15:00
1559748000,63,2019-06-05 17:20:00
1559748300,71,2019-06-05 17:25:00
1559748600,69,2019-06-05 17:30:00
1559748900,54,2019-06-05 17:35:00
1559749200,62,2019-06-05 17:40:00
1559749500,49,2019-06-05 17:45:00
1559749800,42,2019-06-05 17:50:00
1559750100,73,2019-06-05 17:55:00
1559750400,77,2019-06-05 18:00:00
1559750700,99,2019-06-05 18:05:00
1559751000,97,2019-06-05 18:10:00
1559751300,92,2019-06-05 18:15:00
1559751600,76,2019-06-05 18:20:00
1559751900,89,2019-06-05 18:25:00
1559752200,75,2019-06-05 18:30:00
1559752500,101,2019-06-05 18:35:00
1559752800,87,2019-06-05 18:40:00
1559753100,95,2019-06-05 18:45:00
1559753400,84,2019-06-05 18:50:00
1559753700,80,2019-06-05 18:55:00
1559754000,74,2019-06-05 19:00:00
1559754300,68,2019-06-05 19:05:00
1559754600,91,2019-06-05 19:10:00
1559754900,96,2019-06-05 19:15:00
1559755200,91,2019-06-05 19:20:00
1559755500,90,2019-06-05 19:25:00
1559755800,84,2019-06-05 19:30:00
1559756100,80,2019-06-05 19:35:00
1559756400,77,2019-06-05 19:40:00
1559756700,80,2019-06-05 19:45:00
1559757000,77,2019-06-05 19:50:00
1559757300,73,2019-06-05 19:55:00
1559757600,61,2019-06-05 20:00:00
1559757900,63,2019-06-05 20:05:00
1559758200,64,2019-06-05 20:10:00
1559758500,70,2019-06-05 20:15:00
1559758800,66,2019-06-05 20:20:00
1559759100,67,2019-06-05 20:25:00
1559759400,66,2019-06-05 20:30:00
1559759700,67,2019-06-05 20:35:00
1559760000,61,2019-06-05 20:40:00
1559760300,71,2019-06-05 20:45:00
1559760600,66,2019-06-05 20:50:00
1559760900,80,2019-06-05 20:55:00
1559761200,39,2019-06-05 21:00:00
1559761500,55,2019-06-05 21:05:00
1559761800,45,2019-06-05 21:10:00
1559762100,41,2019-06-05 21:15:00
1559762400,52,2019-06-05 21:20:00
1559762700,63,2019-06-05 21:25:00
1559763000,53,2019-06-05 21:30:00
1559763300,63,2019-06-05 21:35:00
1559763600,61,2019-06-05 21:40:00
1559763900,56,2019-06-05 21:45:00
1559764200,52,2019-06-05 21:50:00
1559764500,57,2019-06-05 21:55:00
1559764800,42,2019-06-05 22:00:00
1559765100,35,2019-06-05 22:05:00
1559765400,35,2019-06-05 22:10:00
1559765700,34,2019-06-05 22:15:00
1559766000,32,2019-06-05 22:20:00
1559766300,31,2019-06-05 22:25:00
1559766600,25,2019-06-05 22:30:00
1559766900,29,2019-06-05 22:35:00
1559767200,26,2019-06-05 22:40:00
1559767500,28,2019-06-05 22:45:00
1559767800,34,2019-06-05 22:50:00
1559768100,30,2019-06-05 22:55:00
1559768400,30,2019-06-05 23:00:00
1559768700,28,2019-06-05 23:05:00
1559769000,31,2019-06-05 23:10:00
1559769300,40,2019-06-05 23:15:00
1559769600,25,2019-06-05 23:20:00
1559769900,41,2019-06-05 23:25:00
1559770200,34,2019-06-05 23:30:00
1559770500,30,2019-06-05 23:35:00
1559770800,27,2019-06-05 23:40:00
1559771100,35,2019-06-05 23:45:00
1559771400,31,2019-06-05 23:50:00
1559771700,36,2019-06-05 23:55:00
1559772000,28,2019-06-06 00:00:00
1559772300,30,2019-06-06 00:05:00
1559772600,30,2019-06-06 00:10:00
1559772900,34,2019-06-06 00:15:00
1559773200,24,2019-06-06 00:20:00
1559773500,20,2019-06-06 00:25:00
1559773800,32,2019-06-06 00:30:00
1559774100,32,2019-06-06 00:35:00
1559774400,29,2019-06-06 00:40:00
1559774700,27,2019-06-06 00:45:00
1559775000,34,2019-06-06 00:50:00
1559775300,32,2019-06-06 00:55:00
1559775600,17,2019-06-06 01:00:00
1559775900,14,2019-06-06 01:05:00
1559776200,20,2019-06-06 01:10:00
1559776500,16,2019-06-06 01:15:00
1559776800,16,2019-06-06 01:20:00
1559777100,21,2019-06-06 01:25:00
1559777400,11,2019-06-06 01:30:00
1559777700,15,2019-06-06 01:35:00
1559778000,8,2019-06-06 01:40:00
1559778300,18,2019-06-06 01:45:00
1559778600,22,2019-06-06 01:50:00
1559778900,23,2019-06-06 01:55:00
1559779200,7,2019-06-06 02:00:00
1559779500,11,2019-06-06 02:05:00
1559779800,8,2019-06-06 02:10:00
1559780100,10,2019-06-06 02:15:00
1559780400,2,2019-06-06 02:20:00
1559780700,6,2019-06-06 02:25:00
1559781000,7,2019-06-06 02:30:00
1559781300,6,2019-06-06 02:35:00
1559781600,7,2019-06-06 02:40:00
1559781900,5,2019-06-06 02:45:00
1559782200,7,2019-06-06 02:50:00
1559782500,4,2019-06-06 02:55:00
1559782800,5,2019-06-06 03:00:00
1559783100,5,2019-06-06 03:05:00
1559783400,3,2019-06-06 03:10:00
1559783700,6,2019-06-06 03:15:00
1559784000,3,2019-06-06 03:20:00
1559784300,7,2019-06-06 03:25:00
1559784600,3,2019-06-06 03:30:00
1559784900,2,2019-06-06 03:35:00
1559785200,4,2019-06-06 03:40:00
1559785500,4,2019-06-06 03:45:00
1559785800,10,2019-06-06 03:50:00
1559786100,5,2019-06-06 03:55:00
1559786400,11,2019-06-06 04:00:00
1559786700,3,2019-06-06 04:05:00
1559787000,6,2019-06-06 04:10:00
1559787300,3,2019-06-06 04:15:00
1559787600,9,2019-06-06 04:20:00
1559788200,3,2019-06-06 04:30:00
1559788500,3,2019-06-06 04:35:00
1559788800,7,2019-06-06 04:40:00
1559789100,8,2019-06-06 04:45:00
1559789400,1,2019-06-06 04:50:00
1559790000,3,2019-06-06 05:00:00
1559790300,7,2019-06-06 05:05:00
1559790600,2,2019-06-06 05:10:00
1559790900,2,2019-06-06 05:15:00
1559791200,3,2019-06-06 05:20:00
1559791500,6,2019-06-06 05:25:00
1559791800,2,2019-06-06 05:30:00
1559792100,2,2019-06-06 05:35:00
1559792400,3,2019-06-06 05:40:00
1559792700,4,2019-06-06 05:45:00
1559793000,2,2019-06-06 05:50:00
1559793300,3,2019-06-06 05:55:00
1559793600,4,2019-06-06 06:00:00
1559793900,9,2019-06-06 06:05:00
1559794200,4,2019-06-06 06:10:00
1559794500,4,2019-06-06 06:15:00
1559794800,5,2019-06-06 06:20:00
1559795100,5,2019-06-06 06:25:00
1559795400,10,2019-06-06 06:30:00
1559795700,5,2019-06-06 06:35:00
1559796000,10,2019-06-06 06:40:00
1559796300,14,2019-06-06 06:45:00
1559796600,10,2019-06-06 06:50:00
1559796900,11,2019-06-06 06:55:00
1559797200,38,2019-06-06 07:00:00
1559797500,41,2019-06-06 07:05:00
1559797800,36,2019-06-06 07:10:00
1559798100,33,2019-06-06 07:15:00
1559798400,34,2019-06-06 07:20:00
1559798700,43,2019-06-06 07:25:00
1559799000,34,2019-06-06 07:30:00
1559799300,22,2019-06-06 07:35:00
1559799600,48,2019-06-06 07:40:00
1559799900,27,2019-06-06 07:45:00
1559800200,38,2019-06-06 07:50:00
1559800500,34,2019-06-06 07:55:00
1559800800,80,2019-06-06 08:00:00
1559801100,70,2019-06-06 08:05:00
1559801400,81,2019-06-06 08:10:00
1559801700,67,2019-06-06 08:15:00
1559802000,77,2019-06-06 08:20:00
1559802300,91,2019-06-06 08:25:00
1559802600,70,2019-06-06 08:30:00
1559802900,81,2019-06-06 08:35:00
1559803200,82,2019-06-06 08:40:00
1559803500,78,2019-06-06 08:45:00
1559803800,87,2019-06-06 08:50:00
1559804100,73,2019-06-06 08:55:00
1559804400,19,2019-06-06 09:00:00
1559804700,11,2019-06-06 09:05:00
1559805000,19,2019-06-06 09:10:00
1559805300,21,2019-06-06 09:15:00
1559805600,33,2019-06-06 09:20:00
1559805900,23,2019-06-06 09:25:00
1559806200,19,2019-06-06 09:30:00
1559806500,18,2019-06-06 09:35:00
1559806800,12,2019-06-06 09:40:00
1559807100,22,2019-06-06 09:45:00
1559807400,19,2019-06-06 09:50:00
1559807700,10,2019-06-06 09:55:00
1559811600,6,2019-06-06 11:00:00
1559811900,2,2019-06-06 11:05:00
1559812500,1,2019-06-06 11:15:00
1559812800,2,2019-06-06 11:20:00
1559813100,3,2019-06-06 11:25:00
1559813400,1,2019-06-06 11:30:00
1559813700,4,2019-06-06 11:35:00
1559814000,1,2019-06-06 11:40:00
1559814300,3,2019-06-06 11:45:00
1559814600,2,2019-06-06 11:50:00
1559814900,4,2019-06-06 11:55:00
1559815200,30,2019-06-06 12:00:00
1559815500,32,2019-06-06 12:05:00
1559815800,29,2019-06-06 12:10:00
1559816100,22,2019-06-06 12:15:00
1559816400,42,2019-06-06 12:20:00
1559816700,39,2019-06-06 12:25:00
1559817000,26,2019-06-06 12:30:00
1559817300,25,2019-06-06 12:35:00
1559817600,30,2019-06-06 12:40:00
1559817900,37,2019-06-06 12:45:00
1559818200,29,2019-06-06 12:50:00
1559818500,25,2019-06-06 12:55:00
1559818800,81,2019-06-06 13:00:00
1559819100,79,2019-06-06 13:05:00
1559819400,78,2019-06-06 13:10:00
1559819700,77,2019-06-06 13:15:00
1559820000,73,2019-06-06 13:20:00
1559820300,88,2019-06-06 13:25:00
1559820600,73,2019-06-06 13:30:00
1559820900,64,2019-06-06 13:35:00
1559821200,79,2019-06-06 13:40:00
1559821500,68,2019-06-06 13:45:00
1559821800,66,2019-06-06 13:50:00
1559822100,87,2019-06-06 13:55:00
1559822400,105,2019-06-06 14:00:00
1559822700,98,2019-06-06 14:05:00
1559823000,101,2019-06-06 14:10:00
1559823300,112,2019-06-06 14:15:00
1559823600,113,2019-06-06 14:20:00
1559823900,111,2019-06-06 14:25:00
1559824200,116,2019-06-06 14:30:00
1559824500,125,2019-06-06 14:35:00
1559824800,135,2019-06-06 14:40:00
1559825100,89,2019-06-06 14:45:00
1559825400,138,2019-06-06 14:50:00
1559825700,106,2019-06-06 14:55:00
1559826000,124,2019-06-06 15:00:00
1559826300,124,2019-06-06 15:05:00
1559826600,122,2019-06-06 15:10:00
1559826900,124,2019-06-06 15:15:00
1559827200,106,2019-06-06 15:20:00
1559827500,136,2019-06-06 15:25:00
1559827800,119,2019-06-06 15:30:00
1559828100,146,2019-06-06 15:35:00
1559828400,127,2019-06-06 15:40:00
1559828700,121,2019-06-06 15:45:00
1559829000,114,2019-06-06 15:50:00
1559829300,129,2019-06-06 15:55:00
1559829600,54,2019-06-06 16:00:00
1559829900,70,2019-06-06 16:05:00
1559830200,82,2019-06-06 16:10:00
1559830500,85,2019-06-06 16:15:00
1559830800,79,2019-06-06 16:20:00
1559831100,71,2019-06-06 16:25:00
1559831400,78,2019-06-06 16:30:00
1559831700,66,2019-06-06 16:35:00
1559832000,74,2019-06-06 16:40:00
1559832300,73,2019-06-06 16:45:00
1559832600,80,2019-06-06 16:50:00
1559832900,72,2019-06-06 16:55:00
1559833200,77,2019-06-06 17:00:00
1559833500,65,2019-06-06 17:05:00
1559833800,89,2019-06-06 17:10:00
1559834100,74,2019-06-06 17:15:00
1559834400,85,2019-06-06 17:20:00
1559834700,91,2019-06-06 17:25:00
1559835000,92,2019-06-06 17:30:00
1559835300,92,2019-06-06 17:35:00
1559835600,94,2019-06-06 17:40:00
1559835900,80,2019-06-06 17:45:00
1559836200,74,2019-06-06 17:50:00
1559836500,71,2019-06-06 17:55:00
1559836800,171,2019-06-06 18:00:00
1559837100,157,2019-06-06 18:05:00
1559837400,203,2019-06-06 18:10:00
1559837700,144,2019-06-06 18:15:00
1559838000,171,2019-06-06 18:20:00
1559838300,166,2019-06-06 18:25:00
1559838600,184,2019-06-06 18:30:00
1559838900,166,2019-06-06 18:35:00
1559839200,197,2019-06-06 18:40:00
1559839500,174,2019-06-06 18:45:00
1559839800,174,2019-06-06 18:50:00
1559840100,172,2019-06-06 18:55:00
1559840400,121,2019-06-06 19:00:00
1559840700,122,2019-06-06 19:05:00
1559841000,133,2019-06-06 19:10:00
1559841300,110,2019-06-06 19:15:00
1559841600,161,2019-06-06 19:20:00
1559841900,97,2019-06-06 19:25:00
1559842200,122,2019-06-06 19:30:00
1559842500,125,2019-06-06 19:35:00
1559842800,122,2019-06-06 19:40:00
1559843100,128,2019-06-06 19:45:00
1559843400,119,2019-06-06 19:50:00
1559843700,145,2019-06-06 19:55:00
1559844000,101,2019-06-06 20:00:00
1559844300,74,2019-06-06 20:05:00
1559844600,87,2019-06-06 20:10:00
1559844900,89,2019-06-06 20:15:00
1559845200,96,2019-06-06 20:20:00
1559845500,75,2019-06-06 20:25:00
1559845800,77,2019-06-06 20:30:00
1559846100,79,2019-06-06 20:35:00
1559846400,80,2019-06-06 20:40:00
1559846700,105,2019-06-06 20:45:00
1559847000,88,2019-06-06 20:50:00
1559847300,74,2019-06-06 20:55:00
1559847600,99,2019-06-06 21:00:00
1559847900,90,2019-06-06 21:05:00
1559848200,108,2019-06-06 21:10:00
1559848500,95,2019-06-06 21:15:00
1559848800,97,2019-06-06 21:20:00
1559849100,98,2019-06-06 21:25:00
1559849400,103,2019-06-06 21:30:00
1559849700,105,2019-06-06 21:35:00
1559850000,87,2019-06-06 21:40:00
1559850300,98,2019-06-06 21:45:00
1559850600,121,2019-06-06 21:50:00
1559850900,107,2019-06-06 21:55:00
1559851200,62,2019-06-06 22:00:00
1559851500,72,2019-06-06 22:05:00
1559851800,59,2019-06-06 22:10:00
1559852100,70,2019-06-06 22:15:00
1559852400,87,2019-06-06 22:20:00
1559852700,58,2019-06-06 22:25:00
1559853000,73,2019-06-06 22:30:00
1559853300,80,2019-06-06 22:35:00
1559853600,71,2019-06-06 22:40:00
1559853900,71,2019-06-06 22:45:00
1559854200,80,2019-06-06 22:50:00
1559854500,70,2019-06-06 22:55:00
1559854800,62,2019-06-06 23:00:00
1559855100,72,2019-06-06 23:05:00
1559855400,75,2019-06-06 23:10:00
1559855700,61,2019-06-06 23:15:00
1559856000,55,2019-06-06 23:20:00
1559856300,67,2019-06-06 23:25:00
1559856600,58,2019-06-06 23:30:00
1559856900,67,2019-06-06 23:35:00
1559857200,52,2019-06-06 23:40:00
1559857500,76,2019-06-06 23:45:00
1559857800,41,2019-06-06 23:50:00
1559858100,64,2019-06-06 23:55:00
1559858400,26,2019-06-07 00:00:00
1559858700,15,2019-06-07 00:05:00
1559859000,27,2019-06-07 00:10:00
1559859300,42,2019-06-07 00:15:00
1559859600,30,2019-06-07 00:20:00
1559859900,29,2019-06-07 00:25:00
1559860200,30,2019-06-07 00:30:00
1559860500,27,2019-06-07 00:35:00
1559860800,29,2019-06-07 00:40:00
1559861100,22,2019-06-07 00:45:00
1559861400,34,2019-06-07 00:50:00
1559861700,34,2019-06-07 00:55:00
1559862000,19,2019-06-07 01:00:00
1559862300,13,2019-06-07 01:05:00
1559862600,14,2019-06-07 01:10:00
1559862900,19,2019-06-07 01:15:00
1559863200,20,2019-06-07 01:20:00
1559863500,12,2019-06-07 01:25:00
1559863800,16,2019-06-07 01:30:00
1559864100,14,2019-06-07 01:35:00
1559864400,10,2019-06-07 01:40:00
1559864700,17,2019-06-07 01:45:00
1559865000,23,2019-06-07 01:50:00
1559865300,11,2019-06-07 01:55:00
1559865600,15,2019-06-07 02:00:00
1559865900,6,2019-06-07 02:05:00
1559866200,11,2019-06-07 02:10:00
1559866500,9,2019-06-07 02:15:00
1559866800,15,2019-06-07 02:20:00
1559867100,12,2019-06-07 02:25:00
1559867400,7,2019-06-07 02:30:00
1559867700,11,2019-06-07 02:35:00
1559868000,12,2019-06-07 02:40:00
1559868300,8,2019-06-07 02:45:00
1559868600,7,2019-06-07 02:50:00
1559868900,16,2019-06-07 02:55:00
1559869200,8,2019-06-07 03:00:00
1559869500,5,2019-06-07 03:05:00
1559869800,6,2019-06-07 03:10:00
1559870100,4,2019-06-07 03:15:00
1559870400,10,2019-06-07 03:20:00
1559870700,4,2019-06-07 03:25:00
1559871000,3,2019-06-07 03:30:00
1559871300,6,2019-06-07 03:35:00
1559871600,8,2019-06-07 03:40:00
1559871900,5,2019-06-07 03:45:00
1559872200,6,2019-06-07 03:50:00
1559872500,2,2019-06-07 03:55:00
1559872800,1,2019-06-07 04:00:00
1559873100,3,2019-06-07 04:05:00
1559873400,8,2019-06-07 04:10:00
1559873700,2,2019-06-07 04:15:00
1559874000,6,2019-06-07 04:20:00
1559874300,2,2019-06-07 04:25:00
1559874600,5,2019-06-07 04:30:00
1559874900,3,2019-06-07 04:35:00
1559875200,5,2019-06-07 04:40:00
1559875500,8,2019-06-07 04:45:00
1559875800,3,2019-06-07 04:50:00
1559876100,3,2019-06-07 04:55:00
1559876400,1,2019-06-07 05:00:00
1559877000,4,2019-06-07 05:10:00
1559877300,7,2019-06-07 05:15:00
1559877600,2,2019-06-07 05:20:00
1559877900,3,2019-06-07 05:25:00
1559878200,6,2019-06-07 05:30:00
1559878500,6,2019-06-07 05:35:00
1559878800,4,2019-06-07 05:40:00
1559879100,1,2019-06-07 05:45:00
1559879400,3,2019-06-07 05:50:00
1559879700,3,2019-06-07 05:55:00
1559880000,5,2019-06-07 06:00:00
1559880300,5,2019-06-07 06:05:00
1559880600,10,2019-06-07 06:10:00
1559880900,8,2019-06-07 06:15:00
1559881200,6,2019-06-07 06:20:00
1559881500,10,2019-06-07 06:25:00
1559881800,8,2019-06-07 06:30:00
1559882100,5,2019-06-07 06:35:00
1559882400,5,2019-06-07 06:40:00
1559882700,10,2019-06-07 06:45:00
1559883000,7,2019-06-07 06:50:00
1559883300,9,2019-06-07 06:55:00
1559883600,39,2019-06-07 07:00:00
1559883900,27,2019-06-07 07:05:00
1559884200,33,2019-06-07 07:10:00
1559884500,29,2019-06-07 07:15:00
1559884800,32,2019-06-07 07:20:00
1559885100,43,2019-06-07 07:25:00
1559885400,26,2019-06-07 07:30:00
1559885700,27,2019-06-07 07:35:00
1559886000,39,2019-06-07 07:40:00
1559886300,32,2019-06-07 07:45:00
1559886600,27,2019-06-07 07:50:00
1559886900,30,2019-06-07 07:55:00
1559887200,10,2019-06-07 08:00:00
1559887500,10,2019-06-07 08:05:00
1559887800,8,2019-06-07 08:10:00
1559888100,7,2019-06-07 08:15:00
1559888400,9,2019-06-07 08:20:00
1559888700,6,2019-06-07 08:25:00
1559889000,8,2019-06-07 08:30:00
1559889300,6,2019-06-07 08:35:00
1559889600,7,2019-06-07 08:40:00
1559889900,7,2019-06-07 08:45:00
1559890200,14,2019-06-07 08:50:00
1559890500,6,2019-06-07 08:55:00
1559891400,2,2019-06-07 09:10:00
1559892600,1,2019-06-07 09:30:00
1559893800,1,2019-06-07 09:50:00
1559894100,1,2019-06-07 09:55:00
1559894400,1,2019-06-07 10:00:00
1559894700,1,2019-06-07 10:05:00
1559895000,1,2019-06-07 10:10:00
1559895300,1,2019-06-07 10:15:00
1559895600,1,2019-06-07 10:20:00
1559895900,4,2019-06-07 10:25:00
1559896200,1,2019-06-07 10:30:00
1559896500,5,2019-06-07 10:35:00
1559896800,4,2019-06-07 10:40:00
1559897100,3,2019-06-07 10:45:00
1559897400,5,2019-06-07 10:50:00
1559897700,3,2019-06-07 10:55:00
1559898000,32,2019-06-07 11:00:00
1559898300,19,2019-06-07 11:05:00
1559898600,19,2019-06-07 11:10:00
1559898900,33,2019-06-07 11:15:00
1559899200,27,2019-06-07 11:20:00
1559899500,23,2019-06-07 11:25:00
1559899800,30,2019-06-07 11:30:00
1559900100,26,2019-06-07 11:35:00
1559900400,41,2019-06-07 11:40:00
1559900700,32,2019-06-07 11:45:00
1559901000,30,2019-06-07 11:50:00
1559901300,28,2019-06-07 11:55:00
1559901600,27,2019-06-07 12:00:00
1559901900,31,2019-06-07 12:05:00
1559902200,38,2019-06-07 12:10:00
1559902500,37,2019-06-07 12:15:00
1559902800,31,2019-06-07 12:20:00
1559903100,33,2019-06-07 12:25:00
1559903400,30,2019-06-07 12:30:00
1559903700,30,2019-06-07 12:35:00
1559904000,33,2019-06-07 12:40:00
1559904300,35,2019-06-07 12:45:00
1559904600,22,2019-06-07 12:50:00
1559904900,30,2019-06-07 12:55:00
1559905200,36,2019-06-07 13:00:00
1559905500,44,2019-06-07 13:05:00
1559905800,40,2019-06-07 13:10:00
1559906100,51,2019-06-07 13:15:00
1559906400,37,2019-06-07 13:20:00
1559906700,52,2019-06-07 13:25:00
1559907000,42,2019-06-07 13:30:00
1559907300,37,2019-06-07 13:35:00
1559907600,40,2019-06-07 13:40:00
1559907900,44,2019-06-07 13:45:00
1559908200,33,2019-06-07 13:50:00
1559908500,31,2019-06-07 13:55:00
1559908800,55,2019-06-07 14:00:00
1559909100,63,2019-06-07 14:05:00
1559909400,57,2019-06-07 14:10:00
1559909700,76,2019-06-07 14:15:00
1559910000,55,2019-06-07 14:20:00
1559910300,61,2019-06-07 14:25:00
1559910600,63,2019-06-07 14:30:00
1559910900,72,2019-06-07 14:35:00
1559911200,62,2019-06-07 14:40:00
1559911500,74,2019-06-07 14:45:00
1559911800,76,2019-06-07 14:50:00
1559912100,75,2019-06-07 14:55:00
1559912400,74,2019-06-07 15:00:00
1559912700,87,2019-06-07 15:05:00
1559913000,74,2019-06-07 15:10:00
1559913300,82,2019-06-07 15:15:00
1559913600,74,2019-06-07 15:20:00
1559913900,67,2019-06-07 15:25:00
1559914200,82,2019-06-07 15:30:00
1559914500,99,2019-06-07 15:35:00
1559914800,86,2019-06-07 15:40:00
1559915100,75,2019-06-07 15:45:00
1559915400,76,2019-06-07 15:50:00
1559915700,84,2019-06-07 15:55:00
1559916000,49,2019-06-07 16:00:00
1559916300,56,2019-06-07 16:05:00
1559916600,75,2019-06-07 16:10:00
1559916900,50,2019-06-07 16:15:00
1559917200,65,2019-06-07 16:20:00
1559917500,51,2019-06-07 16:25:00
1559917800,54,2019-06-07 16:30:00
1559918100,53,2019-06-07 16:35:00
1559918400,61,2019-06-07 16:40:00
1559918700,45,2019-06-07 16:45:00
1559919000,50,2019-06-07 16:50:00
1559919300,50,2019-06-07 16:55:00
1559919600,50,2019-06-07 17:00:00
1559919900,55,2019-06-07 17:05:00
1559920200,46,2019-06-07 17:10:00
1559920500,41,2019-06-07 17:15:00
1559920800,49,2019-06-07 17:20:00
1559921100,57,2019-06-07 17:25:00
1559921400,59,2019-06-07 17:30:00
1559921700,52,2019-06-07 17:35:00
1559922000,51,2019-06-07 17:40:00
1559922300,56,2019-06-07 17:45:00
1559922600,62,2019-06-07 17:50:00
1559922900,52,2019-06-07 17:55:00
1559923200,53,2019-06-07 18:00:00
1559923500,51,2019-06-07 18:05:00
1559923800,54,2019-06-07 18:10:00
1559924100,56,2019-06-07 18:15:00
1559924400,60,2019-06-07 18:20:00
1559924700,56,2019-06-07 18:25:00
1559925000,47,2019-06-07 18:30:00
1559925300,60,2019-06-07 18:35:00
1559925600,61,2019-06-07 18:40:00
1559925900,59,2019-06-07 18:45:00
1559926200,43,2019-06-07 18:50:00
1559926500,53,2019-06-07 18:55:00
1559926800,65,2019-06-07 19:00:00
1559927100,60,2019-06-07 19:05:00
1559927400,62,2019-06-07 19:10:00
1559927700,61,2019-06-07 19:15:00
1559928000,56,2019-06-07 19:20:00
1559928300,55,2019-06-07 19:25:00
1559928600,53,2019-06-07 19:30:00
1559928900,71,2019-06-07 19:35:00
1559929200,55,2019-06-07 19:40:00
1559929500,58,2019-06-07 19:45:00
1559929800,59,2019-06-07 19:50:00
1559930100,62,2019-06-07 19:55:00
1559930400,52,2019-06-07 20:00:00
1559930700,58,2019-06-07 20:05:00
1559931000,58,2019-06-07 20:10:00
1559931300,57,2019-06-07 20:15:00
1559931600,67,2019-06-07 20:20:00
1559931900,45,2019-06-07 20:25:00
1559932200,51,2019-06-07 20:30:00
1559932500,47,2019-06-07 20:35:00
1559932800,65,2019-06-07 20:40:00
1559933100,62,2019-06-07 20:45:00
1559933400,76,2019-06-07 20:50:00
1559933700,57,2019-06-07 20:55:00
1559934000,51,2019-06-07 21:00:00
1559934300,56,2019-06-07 21:05:00
1559934600,66,2019-06-07 21:10:00
1559934900,58,2019-06-07 21:15:00
1559935200,56,2019-06-07 21:20:00
1559935500,38,2019-06-07 21:25:00
1559935800,49,2019-06-07 21:30:00
1559936100,43,2019-06-07 21:35:00
1559936400,58,2019-06-07 21:40:00
1559936700,57,2019-06-07 21:45:00
1559937000,41,2019-06-07 21:50:00
1559937300,35,2019-06-07 21:55:00
1559937600,26,2019-06-07 22:00:00
1559937900,29,2019-06-07 22:05:00
1559938200,31,2019-06-07 22:10:00
1559938500,32,2019-06-07 22:15:00
1559938800,34,2019-06-07 22:20:00
1559939100,41,2019-06-07 22:25:00
1559939400,34,2019-06-07 22:30:00
1559939700,30,2019-06-07 22:35:00
1559940000,24,2019-06-07 22:40:00
1559940300,28,2019-06-07 22:45:00
1559940600,31,2019-06-07 22:50:00
1559940900,34,2019-06-07 22:55:00
1559941200,24,2019-06-07 23:00:00
1559941500,25,2019-06-07 23:05:00
1559941800,39,2019-06-07 23:10:00
1559942100,24,2019-06-07 23:15:00
1559942400,21,2019-06-07 23:20:00
1559942700,34,2019-06-07 23:25:00
1559943000,21,2019-06-07 23:30:00
1559943300,38,2019-06-07 23:35:00
1559943600,31,2019-06-07 23:40:00
1559943900,40,2019-06-07 23:45:00
1559944200,27,2019-06-07 23:50:00
1559944500,23,2019-06-07 23:55:00
1559944800,22,2019-06-08 00:00:00
1559945100,36,2019-06-08 00:05:00
1559945400,27,2019-06-08 00:10:00
1559945700,26,2019-06-08 00:15:00
1559946000,32,2019-06-08 00:20:00
1559946300,33,2019-06-08 00:25:00
1559946600,32,2019-06-08 00:30:00
1559946900,24,2019-06-08 00:35:00
1559947200,22,2019-06-08 00:40:00
1559947500,33,2019-06-08 00:45:00
1559947800,27,2019-06-08 00:50:00
1559948100,32,2019-06-08 00:55:00
1559948400,22,2019-06-08 01:00:00
1559948700,19,2019-06-08 01:05:00
1559949000,27,2019-06-08 01:10:00
1559949300,29,2019-06-08 01:15:00
1559949600,31,2019-06-08 01:20:00
1559949900,27,2019-06-08 01:25:00
1559950200,27,2019-06-08 01:30:00
1559950500,30,2019-06-08 01:35:00
1559950800,25,2019-06-08 01:40:00
1559951100,36,2019-06-08 01:45:00
1559951400,31,2019-06-08 01:50:00
1559951700,29,2019-06-08 01:55:00
1559952000,14,2019-06-08 02:00:00
1559952300,16,2019-06-08 02:05:00
1559952600,21,2019-06-08 02:10:00
1559952900,18,2019-06-08 02:15:00
1559953200,20,2019-06-08 02:20:00
1559953500,25,2019-06-08 02:25:00
1559953800,26,2019-06-08 02:30:00
1559954100,27,2019-06-08 02:35:00
1559954400,26,2019-06-08 02:40:00
1559954700,14,2019-06-08 02:45:00
1559955000,19,2019-06-08 02:50:00
1559955300,28,2019-06-08 02:55:00
1559955600,20,2019-06-08 03:00:00
1559955900,12,2019-06-08 03:05:00
1559956200,18,2019-06-08 03:10:00
1559956500,14,2019-06-08 03:15:00
1559956800,22,2019-06-08 03:20:00
1559957100,16,2019-06-08 03:25:00
1559957400,14,2019-06-08 03:30:00
1559957700,18,2019-06-08 03:35:00
1559958000,27,2019-06-08 03:40:00
1559958300,20,2019-06-08 03:45:00
1559958600,17,2019-06-08 03:50:00
1559958900,12,2019-06-08 03:55:00
1559959200,10,2019-06-08 04:00:00
1559959500,16,2019-06-08 04:05:00
1559959800,12,2019-06-08 04:10:00
1559960100,13,2019-06-08 04:15:00
1559960400,9,2019-06-08 04:20:00
1559960700,9,2019-06-08 04:25:00
1559961000,9,2019-06-08 04:30:00
1559961300,7,2019-06-08 04:35:00
1559961600,10,2019-06-08 04:40:00
1559961900,14,2019-06-08 04:45:00
1559962200,16,2019-06-08 04:50:00
1559962500,10,2019-06-08 04:55:00
1559962800,6,2019-06-08 05:00:00
1559963100,8,2019-06-08 05:05:00
1559963400,2,2019-06-08 05:10:00
1559963700,9,2019-06-08 05:15:00
1559964000,3,2019-06-08 05:20:00
1559964300,10,2019-06-08 05:25:00
1559964600,8,2019-06-08 05:30:00
1559964900,7,2019-06-08 05:35:00
1559965200,6,2019-06-08 05:40:00
1559965500,9,2019-06-08 05:45:00
1559965800,6,2019-06-08 05:50:00
1559966100,10,2019-06-08 05:55:00
1559966400,5,2019-06-08 06:00:00
1559966700,5,2019-06-08 06:05:00
1559967000,4,2019-06-08 06:10:00
1559967300,10,2019-06-08 06:15:00
1559967600,3,2019-06-08 06:20:00
1559967900,5,2019-06-08 06:25:00
1559968200,6,2019-06-08 06:30:00
1559968500,6,2019-06-08 06:35:00
1559968800,8,2019-06-08 06:40:00
1559969100,4,2019-06-08 06:45:00
1559969400,5,2019-06-08 06:50:00
1559969700,5,2019-06-08 06:55:00
1559970000,6,2019-06-08 07:00:00
1559970300,2,2019-06-08 07:05:00
1559970600,3,2019-06-08 07:10:00
1559970900,4,2019-06-08 07:15:00
1559971200,5,2019-06-08 07:20:00
1559971500,5,2019-06-08 07:25:00
1559971800,4,2019-06-08 07:30:00
1559972100,8,2019-06-08 07:35:00
1559972400,2,2019-06-08 07:40:00
1559972700,7,2019-06-08 07:45:00
1559973000,6,2019-06-08 07:50:00
1559973300,9,2019-06-08 07:55:00
1559973600,12,2019-06-08 08:00:00
1559973900,8,2019-06-08 08:05:00
1559974200,12,2019-06-08 08:10:00
1559974500,14,2019-06-08 08:15:00
1559974800,10,2019-06-08 08:20:00
1559975100,11,2019-06-08 08:25:00
1559975400,13,2019-06-08 08:30:00
1559975700,16,2019-06-08 08:35:00
1559976000,14,2019-06-08 08:40:00
1559976300,18,2019-06-08 08:45:00
1559976600,10,2019-06-08 08:50:00
1559976900,11,2019-06-08 08:55:00
1559977200,23,2019-06-08 09:00:00
1559977500,15,2019-06-08 09:05:00
1559977800,22,2019-06-08 09:10:00
1559978100,18,2019-06-08 09:15:00
1559978400,23,2019-06-08 09:20:00
1559978700,17,2019-06-08 09:25:00
1559979000,30,2019-06-08 09:30:00
1559979300,15,2019-06-08 09:35:00
1559979600,21,2019-06-08 09:40:00
1559979900,21,2019-06-08 09:45:00
1559980200,22,2019-06-08 09:50:00
1559980500,18,2019-06-08 09:55:00
1559980800,26,2019-06-08 10:00:00
1559981100,25,2019-06-08 10:05:00
1559981400,20,2019-06-08 10:10:00
1559981700,15,2019-06-08 10:15:00
1559982000,28,2019-06-08 10:20:00
1559982300,26,2019-06-08 10:25:00
1559982600,17,2019-06-08 10:30:00
1559982900,26,2019-06-08 10:35:00
1559983200,20,2019-06-08 10:40:00
1559983500,25,2019-06-08 10:45:00
1559983800,30,2019-06-08 10:50:00
1559984100,28,2019-06-08 10:55:00
1559984400,36,2019-06-08 11:00:00
1559984700,38,2019-06-08 11:05:00
1559985000,30,2019-06-08 11:10:00
1559985300,30,2019-06-08 11:15:00
1559985600,21,2019-06-08 11:20:00
1559985900,28,2019-06-08 11:25:00
1559986200,23,2019-06-08 11:30:00
1559986500,27,2019-06-08 11:35:00
1559986800,25,2019-06-08 11:40:00
1559987100,31,2019-06-08 11:45:00
1559987400,35,2019-06-08 11:50:00
1559987700,28,2019-06-08 11:55:00
1559988000,26,2019-06-08 12:00:00
1559988300,33,2019-06-08 12:05:00
1559988600,28,2019-06-08 12:10:00
1559988900,23,2019-06-08 12:15:00
1559989200,38,2019-06-08 12:20:00
1559989500,40,2019-06-08 12:25:00
1559989800,24,2019-06-08 12:30:00
1559990100,32,2019-06-08 12:35:00
1559990400,29,2019-06-08 12:40:00
1559990700,32,2019-06-08 12:45:00
1559991000,39,2019-06-08 12:50:00
1559991300,30,2019-06-08 12:55:00
1559991600,29,2019-06-08 13:00:00
1559991900,43,2019-06-08 13:05:00
1559992200,46,2019-06-08 13:10:00
1559992500,50,2019-06-08 13:15:00
1559992800,50,2019-06-08 13:20:00
1559993100,43,2019-06-08 13:25:00
1559993400,42,2019-06-08 13:30:00
1559993700,30,2019-06-08 13:35:00
1559994000,38,2019-06-08 13:40:00
1559994300,44,2019-06-08 13:45:00
1559994600,32,2019-06-08 13:50:00
1559994900,34,2019-06-08 13:55:00
1559995200,42,2019-06-08 14:00:00
1559995500,31,2019-06-08 14:05:00
1559995800,39,2019-06-08 14:10:00
1559996100,48,2019-06-08 14:15:00
1559996400,46,2019-06-08 14:20:00
1559996700,30,2019-06-08 14:25:00
1559997000,42,2019-06-08 14:30:00
1559997300,50,2019-06-08 14:35:00
1559997600,52,2019-06-08 14:40:00
1559997900,46,2019-06-08 14:45:00
1559998200,37,2019-06-08 14:50:00
1559998500,39,2019-06-08 14:55:00
1559998800,18,2019-06-08 15:00:00
1559999100,34,2019-06-08 15:05:00
1559999400,26,2019-06-08 15:10:00
1559999700,35,2019-06-08 15:15:00
1.56e+09,21,2019-06-08 15:20:00
1560000300,32,2019-06-08 15:25:00
1560000600,24,2019-06-08 15:30:00
1560000900,28,2019-06-08 15:35:00
1560001200,28,2019-06-08 15:40:00
1560001500,43,2019-06-08 15:45:00
1560001800,27,2019-06-08 15:50:00
1560002100,25,2019-06-08 15:55:00
1560002400,38,2019-06-08 16:00:00
1560002700,33,2019-06-08 16:05:00
1560003000,33,2019-06-08 16:10:00
1560003300,41,2019-06-08 16:15:00
1560003600,33,2019-06-08 16:20:00
1560003900,28,2019-06-08 16:25:00
1560004200,39,2019-06-08 16:30:00
1560004500,36,2019-06-08 16:35:00
1560004800,30,2019-06-08 16:40:00
1560005100,34,2019-06-08 16:45:00
1560005400,36,2019-06-08 16:50:00
1560005700,34,2019-06-08 16:55:00
1560006000,41,2019-06-08 17:00:00
1560006300,42,2019-06-08 17:05:00
1560006600,28,2019-06-08 17:10:00
1560006900,53,2019-06-08 17:15:00
1560007200,33,2019-06-08 17:20:00
1560007500,42,2019-06-08 17:25:00
1560007800,35,2019-06-08 17:30:00
1560008100,28,2019-06-08 17:35:00
1560008400,48,2019-06-08 17:40:00
1560008700,47,2019-06-08 17:45:00
1560009000,30,2019-06-08 17:50:00
1560009300,37,2019-06-08 17:55:00
1560009600,42,2019-06-08 18:00:00
1560009900,43,2019-06-08 18:05:00
1560010200,32,2019-06-08 18:10:00
1560010500,51,2019-06-08 18:15:00
1560010800,32,2019-06-08 18:20:00
1560011100,52,2019-06-08 18:25:00
1560011400,43,2019-06-08 18:30:00
1560011700,44,2019-06-08 18:35:00
1560012000,40,2019-06-08 18:40:00
1560012300,40,2019-06-08 18:45:00
1560012600,29,2019-06-08 18:50:00
1560012900,49,2019-06-08 18:55:00
1560013200,53,2019-06-08 19:00:00
1560013500,51,2019-06-08 19:05:00
1560013800,57,2019-06-08 19:10:00
1560014100,50,2019-06-08 19:15:00
1560014400,49,2019-06-08 19:20:00
1560014700,46,2019-06-08 19:25:00
1560015000,50,2019-06-08 19:30:00
1560015300,45,2019-06-08 19:35:00
1560015600,47,2019-06-08 19:40:00
1560015900,46,2019-06-08 19:45:00
1560016200,48,2019-06-08 19:50:00
1560016500,40,2019-06-08 19:55:00
1560016800,47,2019-06-08 20:00:00
1560017100,34,2019-06-08 20:05:00
1560017400,37,2019-06-08 20:10:00
1560017700,59,2019-06-08 20:15:00
1560018000,40,2019-06-08 20:20:00
1560018300,60,2019-06-08 20:25:00
1560018600,44,2019-06-08 20:30:00
1560018900,47,2019-06-08 20:35:00
1560019200,49,2019-06-08 20:40:00
1560019500,47,2019-06-08 20:45:00
1560019800,44,2019-06-08 20:50:00
1560020100,63,2019-06-08 20:55:00
1560020400,49,2019-06-08 21:00:00
1560020700,38,2019-06-08 21:05:00
1560021000,47,2019-06-08 21:10:00
1560021300,41,2019-06-08 21:15:00
1560021600,48,2019-06-08 21:20:00
1560021900,44,2019-06-08 21:25:00
1560022200,48,2019-06-08 21:30:00
1560022500,42,2019-06-08 21:35:00
1560022800,43,2019-06-08 21:40:00
1560023100,51,2019-06-08 21:45:00
1560023400,43,2019-06-08 21:50:00
1560023700,40,2019-06-08 21:55:00
1560024000,22,2019-06-08 22:00:00
1560024300,36,2019-06-08 22:05:00
1560024600,35,2019-06-08 22:10:00
1560024900,37,2019-06-08 22:15:00
1560025200,34,2019-06-08 22:20:00
1560025500,28,2019-06-08 22:25:00
1560025800,39,2019-06-08 22:30:00
1560026100,25,2019-06-08 22:35:00
1560026400,32,2019-06-08 22:40:00
1560026700,34,2019-06-08 22:45:00
1560027000,25,2019-06-08 22:50:00
1560027300,31,2019-06-08 22:55:00
1560027600,32,2019-06-08 23:00:00
1560027900,33,2019-06-08 23:05:00
1560028200,18,2019-06-08 23:10:00
1560028500,22,2019-06-08 23:15:00
1560028800,30,2019-06-08 23:20:00
1560029100,26,2019-06-08 23:25:00
1560029400,24,2019-06-08 23:30:00
1560029700,37,2019-06-08 23:35:00
1560030000,28,2019-06-08 23:40:00
1560030300,26,2019-06-08 23:45:00
1560030600,28,2019-06-08 23:50:00
1560030900,24,2019-06-08 23:55:00
1560031200,30,2019-06-09 00:00:00
1560031500,36,2019-06-09 00:05:00
1560031800,36,2019-06-09 00:10:00
1560032100,37,2019-06-09 00:15:00
1560032400,43,2019-06-09 00:20:00
1560032700,36,2019-06-09 00:25:00
1560033000,32,2019-06-09 00:30:00
1560033300,31,2019-06-09 00:35:00
1560033600,27,2019-06-09 00:40:00
1560033900,34,2019-06-09 00:45:00
1560034200,37,2019-06-09 00:50:00
1560034500,30,2019-06-09 00:55:00
1560034800,28,2019-06-09 01:00:00
1560035100,37,2019-06-09 01:05:00
1560035400,30,2019-06-09 01:10:00
1560035700,33,2019-06-09 01:15:00
1560036000,26,2019-06-09 01:20:00
1560036300,30,2019-06-09 01:25:00
1560036600,30,2019-06-09 01:30:00
1560036900,31,2019-06-09 01:35:00
1560037200,25,2019-06-09 01:40:00
1560037500,36,2019-06-09 01:45:00
1560037800,36,2019-06-09 01:50:00
1560038100,24,2019-06-09 01:55:00
1560038400,29,2019-06-09 02:00:00
1560038700,29,2019-06-09 02:05:00
1560039000,29,2019-06-09 02:10:00
1560039300,24,2019-06-09 02:15:00
1560039600,17,2019-06-09 02:20:00
1560039900,24,2019-06-09 02:25:00
1560040200,18,2019-06-09 02:30:00
1560040500,24,2019-06-09 02:35:00
1560040800,21,2019-06-09 02:40:00
1560041100,18,2019-06-09 02:45:00
1560041400,33,2019-06-09 02:50:00
1560041700,24,2019-06-09 02:55:00
1560042000,15,2019-06-09 03:00:00
1560042300,11,2019-06-09 03:05:00
1560042600,9,2019-06-09 03:10:00
1560042900,17,2019-06-09 03:15:00
1560043200,24,2019-06-09 03:20:00
1560043500,17,2019-06-09 03:25:00
1560043800,17,2019-06-09 03:30:00
1560044100,21,2019-06-09 03:35:00
1560044400,17,2019-06-09 03:40:00
1560044700,13,2019-06-09 03:45:00
1560045000,12,2019-06-09 03:50:00
1560045300,10,2019-06-09 03:55:00
1560045600,13,2019-06-09 04:00:00
1560045900,12,2019-06-09 04:05:00
1560046200,8,2019-06-09 04:10:00
1560046500,11,2019-06-09 04:15:00
1560046800,10,2019-06-09 04:20:00
1560047100,9,2019-06-09 04:25:00
1560047400,8,2019-06-09 04:30:00
1560047700,10,2019-06-09 04:35:00
1560048000,13,2019-06-09 04:40:00
1560048300,16,2019-06-09 04:45:00
1560048600,12,2019-06-09 04:50:00
1560048900,11,2019-06-09 04:55:00
1560049200,9,2019-06-09 05:00:00
1560049500,5,2019-06-09 05:05:00
1560049800,7,2019-06-09 05:10:00
1560050100,13,2019-06-09 05:15:00
1560050400,5,2019-06-09 05:20:00
1560050700,9,2019-06-09 05:25:00
1560051000,8,2019-06-09 05:30:00
1560051300,7,2019-06-09 05:35:00
1560051600,9,2019-06-09 05:40:00
1560051900,11,2019-06-09 05:45:00
1560052200,12,2019-06-09 05:50:00
1560052500,6,2019-06-09 05:55:00
1560052800,6,2019-06-09 06:00:00
1560053100,6,2019-06-09 06:05:00
1560053400,4,2019-06-09 06:10:00
1560053700,12,2019-06-09 06:15:00
1560054000,6,2019-06-09 06:20:00
1560054300,4,2019-06-09 06:25:00
1560054600,8,2019-06-09 06:30:00
1560054900,4,2019-06-09 06:35:00
1560055200,5,2019-06-09 06:40:00
1560055500,4,2019-06-09 06:45:00
1560055800,4,2019-06-09 06:50:00
1560056100,4,2019-06-09 06:55:00
1560056400,4,2019-06-09 07:00:00
1560056700,3,2019-06-09 07:05:00
1560057000,2,2019-06-09 07:10:00
1560057300,4,2019-06-09 07:15:00
1560057600,8,2019-06-09 07:20:00
1560057900,3,2019-06-09 07:25:00
1560058200,4,2019-06-09 07:30:00
1560058500,3,2019-06-09 07:35:00
1560058800,2,2019-06-09 07:40:00
1560059100,6,2019-06-09 07:45:00
1560059400,6,2019-06-09 07:50:00
1560059700,6,2019-06-09 07:55:00
1560060000,7,2019-06-09 08:00:00
1560060300,10,2019-06-09 08:05:00
1560060600,7,2019-06-09 08:10:00
1560060900,6,2019-06-09 08:15:00
1560061200,12,2019-06-09 08:20:00
1560061500,10,2019-06-09 08:25:00
1560061800,6,2019-06-09 08:30:00
1560062100,6,2019-06-09 08:35:00
1560062400,8,2019-06-09 08:40:00
1560062700,8,2019-06-09 08:45:00
1560063000,8,2019-06-09 08:50:00
1560063300,10,2019-06-09 08:55:00
1560063600,17,2019-06-09 09:00:00
1560063900,13,2019-06-09 09:05:00
1560064200,7,2019-06-09 09:10:00
1560064500,12,2019-06-09 09:15:00
1560064800,8,2019-06-09 09:20:00
1560065100,7,2019-06-09 09:25:00
1560065400,17,2019-06-09 09:30:00
1560065700,6,2019-06-09 09:35:00
1560066000,17,2019-06-09 09:40:00
1560066300,14,2019-06-09 09:45:00
1560066600,15,2019-06-09 09:50:00
1560066900,14,2019-06-09 09:55:00
1560067200,21,2019-06-09 10:00:00
1560067500,13,2019-06-09 10:05:00
1560067800,19,2019-06-09 10:10:00
1560068100,16,2019-06-09 10:15:00
1560068400,25,2019-06-09 10:20:00
1560068700,17,2019-06-09 10:25:00
1560069000,21,2019-06-09 10:30:00
1560069300,14,2019-06-09 10:35:00
1560069600,15,2019-06-09 10:40:00
1560069900,24,2019-06-09 10:45:00
1560070200,17,2019-06-09 10:50:00
1560070500,22,2019-06-09 10:55:00
1560070800,22,2019-06-09 11:00:00
1560071100,25,2019-06-09 11:05:00
1560071400,27,2019-06-09 11:10:00
1560071700,28,2019-06-09 11:15:00
1560072000,27,2019-06-09 11:20:00
1560072300,30,2019-06-09 11:25:00
1560072600,32,2019-06-09 11:30:00
1560072900,26,2019-06-09 11:35:00
1560073200,26,2019-06-09 11:40:00
1560073500,25,2019-06-09 11:45:00
1560073800,24,2019-06-09 11:50:00
1560074100,27,2019-06-09 11:55:00
1560074400,33,2019-06-09 12:00:00
1560074700,30,2019-06-09 12:05:00
1560075000,35,2019-06-09 12:10:00
1560075300,34,2019-06-09 12:15:00
1560075600,20,2019-06-09 12:20:00
1560075900,28,2019-06-09 12:25:00
1560076200,33,2019-06-09 12:30:00
1560076500,29,2019-06-09 12:35:00
1560076800,42,2019-06-09 12:40:00
1560077100,24,2019-06-09 12:45:00
1560077400,25,2019-06-09 12:50:00
1560077700,32,2019-06-09 12:55:00
1560078000,37,2019-06-09 13:00:00
1560078300,37,2019-06-09 13:05:00
1560078600,40,2019-06-09 13:10:00
1560078900,29,2019-06-09 13:15:00
1560079200,31,2019-06-09 13:20:00
1560079500,29,2019-06-09 13:25:00
1560079800,36,2019-06-09 13:30:00
1560080100,35,2019-06-09 13:35:00
1560080400,35,2019-06-09 13:40:00
1560080700,39,2019-06-09 13:45:00
1560081000,36,2019-06-09 13:50:00
1560081300,49,2019-06-09 13:55:00
1560081600,30,2019-06-09 14:00:00
1560081900,31,2019-06-09 14:05:00
1560082200,36,2019-06-09 14:10:00
1560082500,39,2019-06-09 14:15:00
1560082800,37,2019-06-09 14:20:00
1560083100,38,2019-06-09 14:25:00
1560083400,32,2019-06-09 14:30:00
1560083700,39,2019-06-09 14:35:00
1560084000,39,2019-06-09 14:40:00
1560084300,42,2019-06-09 14:45:00
1560084600,32,2019-06-09 14:50:00
1560084900,25,2019-06-09 14:55:00
1560085200,20,2019-06-09 15:00:00
1560085500,20,2019-06-09 15:05:00
1560085800,18,2019-06-09 15:10:00
1560086100,26,2019-06-09 15:15:00
1560086400,25,2019-06-09 15:20:00
1560086700,25,2019-06-09 15:25:00
1560087000,23,2019-06-09 15:30:00
1560087300,33,2019-06-09 15:35:00
1560087600,28,2019-06-09 15:40:00
1560087900,20,2019-06-09 15:45:00
1560088200,24,2019-06-09 15:50:00
1560088500,29,2019-06-09 15:55:00
1560088800,32,2019-06-09 16:00:00
1560089100,33,2019-06-09 16:05:00
1560089400,24,2019-06-09 16:10:00
1560089700,34,2019-06-09 16:15:00
1560090000,34,2019-06-09 16:20:00
1560090300,36,2019-06-09 16:25:00
1560090600,25,2019-06-09 16:30:00
1560090900,34,2019-06-09 16:35:00
1560091200,29,2019-06-09 16:40:00
1560091500,34,2019-06-09 16:45:00
1560091800,33,2019-06-09 16:50:00
1560092100,35,2019-06-09 16:55:00
1560092400,38,2019-06-09 17:00:00
1560092700,46,2019-06-09 17:05:00
1560093000,33,2019-06-09 17:10:00
1560093300,46,2019-06-09 17:15:00
1560093600,34,2019-06-09 17:20:00
1560093900,47,2019-06-09 17:25:00
1560094200,36,2019-06-09 17:30:00
1560094500,30,2019-06-09 17:35:00
1560094800,35,2019-06-09 17:40:00
1560095100,36,2019-06-09 17:45:00
1560095400,36,2019-06-09 17:50:00
1560095700,40,2019-06-09 17:55:00
1560096000,45,2019-06-09 18:00:00
1560096300,37,2019-06-09 18:05:00
1560096600,43,2019-06-09 18:10:00
1560096900,37,2019-06-09 18:15:00
1560097200,53,2019-06-09 18:20:00
1560097500,39,2019-06-09 18:25:00
1560097800,37,2019-06-09 18:30:00
1560098100,36,2019-06-09 18:35:00
1560098400,39,2019-06-09 18:40:00
1560098700,40,2019-06-09 18:45:00
1560099000,44,2019-06-09 18:50:00
1560099300,50,2019-06-09 18:55:00
1560099600,46,2019-06-09 19:00:00
1560099900,28,2019-06-09 19:05:00
1560100200,49,2019-06-09 19:10:00
1560100500,35,2019-06-09 19:15:00
1560100800,35,2019-06-09 19:20:00
1560101100,50,2019-06-09 19:25:00
1560101400,42,2019-06-09 19:30:00
1560101700,43,2019-06-09 19:35:00
1560102000,44,2019-06-09 19:40:00
1560102300,33,2019-06-09 19:45:00
1560102600,40,2019-06-09 19:50:00
1560102900,37,2019-06-09 19:55:00
